Date,Open,High,Low,Close,Adj Close,Volume
1/1/2021,477,493.25,477,491.149994,490.615631,5035248
1/4/2021,492,502.600006,486.649994,494.5,493.961975,4936582
1/5/2021,492,501.399994,489.600006,494.399994,493.862122,3654033
1/6/2021,496,500.649994,484.25,490.899994,490.365906,3295461
1/7/2021,493.899994,523.950012,493.799988,518.099976,517.536255,9879731
1/8/2021,523,526.599976,514.099976,518,517.436401,3702267
1/11/2021,520.599976,524.599976,510.5,519.150024,518.585205,4148831
1/12/2021,519,536.599976,517.099976,525.400024,524.82843,4878024
1/13/2021,529.099976,540.200012,521.299988,536.049988,535.466797,4948731
1/14/2021,534.950012,541,528.400024,532.099976,531.521057,3161306
1/15/2021,534.700012,537.5,518.799988,527.299988,526.726257,3376852
1/18/2021,528,529.099976,502.049988,507.850006,507.297455,5204588
1/19/2021,512.299988,532,512.299988,530.099976,529.523254,4181185
1/20/2021,532.150024,552.150024,531,546.75,546.155151,6681731
1/21/2021,551.400024,552.950012,531.549988,536.900024,536.315918,4208383
1/22/2021,534.049988,546.75,521.599976,526.799988,526.226868,4179558
1/25/2021,530.25,534.400024,509,513.900024,513.340942,3728411
1/27/2021,513.099976,521.549988,507.049988,512.799988,512.242065,2792007
1/28/2021,507.299988,519.5,501.350006,511.850006,511.293121,4197516
1/29/2021,515.200012,525.200012,502.5,506.649994,506.098755,3822560
2/1/2021,510.5,539.5,496.899994,537.200012,536.615601,4004036
2/2/2021,542.049988,566.900024,540.799988,564.200012,563.586182,5144708
2/3/2021,568,576.599976,558.349976,566.599976,565.983521,6087209
2/4/2021,561.950012,611.700012,556,589.700012,589.058411,11184167
2/5/2021,595,607.849976,588.599976,595.349976,594.702271,4754950
2/8/2021,605.400024,638,603.549988,628.299988,627.616455,7085276
2/9/2021,631.450012,641.900024,621,629.849976,629.164734,4510798
2/10/2021,633.049988,654.900024,622.099976,650.700012,649.992065,5991927
2/11/2021,654,661,645.349976,658.599976,657.883423,3688016
2/12/2021,657,724.450012,655.200012,718.950012,718.167786,16810897
2/15/2021,725,787.950012,707.650024,763.450012,762.619385,21579566
2/16/2021,760,802.950012,756.25,780.200012,779.351196,19426061
2/17/2021,787.150024,802,782.25,785.450012,784.595459,8908279
2/18/2021,787.25,824.5,786,808.200012,807.320679,9694238
2/19/2021,813,831,729.5,781.900024,781.049316,20210882
2/22/2021,786,813,780.549988,805.900024,805.023193,10890564
2/23/2021,814.799988,827.299988,789,799.650024,798.780029,9753081
2/24/2021,806,812.049988,795.450012,805.200012,804.323975,4626257
2/25/2021,814,862.400024,809,843.5,842.582336,12118095
2/26/2021,833.900024,861,819.849976,833.650024,832.743042,11355426
3/1/2021,840.75,860.950012,836.450012,851.5,850.573608,5996840
3/2/2021,857.400024,876.5,852.25,872.549988,871.600647,5116413
3/3/2021,880.450012,944.900024,872.849976,915.349976,914.354126,11670544
3/4/2021,910,938.700012,905.400024,918.400024,917.400818,8141787
3/5/2021,918,934,888.299988,909.900024,908.910095,7109101
3/8/2021,918.099976,926.400024,905.099976,910.200012,909.209717,3904469
3/9/2021,918,928.400024,893.599976,905.200012,904.215149,5561849
3/10/2021,911,914.099976,888.700012,898.150024,897.172852,5465016
3/12/2021,905,923.799988,889.299988,894.099976,893.127197,6049852
3/15/2021,898.75,904,874.5,896.200012,895.224976,5234540
3/16/2021,900.700012,904.400024,888.049988,897.799988,896.823242,2555026
3/17/2021,898,905.400024,865,873.900024,872.949219,3886557
3/18/2021,876,891,857.75,871.049988,870.102295,4465851
3/19/2021,866,895.400024,840.200012,889.650024,888.682068,4794995
3/22/2021,892.900024,1003,883.450012,991.049988,989.971741,22596465
3/23/2021,999,1086.699951,991.049988,1058.400024,1057.248535,31098225
3/24/2021,1063,1093,1018.400024,1025.449951,1024.334351,22877032
3/25/2021,1032.949951,1041.449951,977,981.549988,980.482056,13139164
3/26/2021,1000,1018.450012,978,988.299988,987.224731,9396506
3/30/2021,1004,1042.449951,988,1031.550049,1030.427734,10470011
3/31/2021,1038,1053.150024,1016.599976,1031.150024,1030.028198,6440569
4/1/2021,1043.400024,1116.050049,1035,1107.199951,1105.995239,12713083
4/5/2021,1127,1150,1098.849976,1138.25,1137.011597,15795720
4/6/2021,1153.400024,1241,1142.5,1225.400024,1224.066772,21496457
4/7/2021,1233.400024,1251.599976,1108,1165.550049,1164.28186,23007694
4/8/2021,1162.5,1191,1137.75,1162.5,1161.235229,12404773
4/9/2021,1163.400024,1228,1151.199951,1201.400024,1200.092896,12923020
4/12/2021,1177.400024,1177.400024,1061.400024,1074.400024,1073.231201,13690016
4/13/2021,1077,1116.300049,1051.050049,1106.349976,1105.14624,12137329
4/15/2021,1095,1144.900024,1081.349976,1129.949951,1128.720581,9350889
4/16/2021,1130,1192,1112,1159,1157.739014,10661068
4/19/2021,1100,1153,1089,1136.349976,1135.113647,8565063
4/20/2021,1156.849976,1177.699951,1125.050049,1142.75,1141.506714,8261172
4/22/2021,1134,1169,1123,1157.800049,1156.540283,7124786
4/23/2021,1161,1182.900024,1145.650024,1157.599976,1156.340576,6167151
4/26/2021,1160,1197.900024,1160,1173.349976,1172.073364,6939823
4/27/2021,1184.699951,1213.5,1181,1191.150024,1189.854004,7109421
4/28/2021,1207.949951,1213.949951,1180.75,1185.199951,1183.910522,5020151
4/29/2021,1196.550049,1212.650024,1178,1182.300049,1181.013672,4070698
4/30/2021,1171,1200.949951,1143,1158.699951,1157.439331,4232500
5/3/2021,1145.099976,1264.400024,1122.650024,1255.550049,1254.18396,11276228
5/4/2021,1285,1298.949951,1241.849976,1262.5,1261.126343,10271516
5/5/2021,1274.400024,1288.25,1240.25,1267.5,1266.120972,7805805
5/6/2021,1272.349976,1311.849976,1263,1286.75,1285.350098,6240535
5/7/2021,1305,1322.400024,1290.449951,1298.900024,1297.486938,4584524
5/10/2021,1294.900024,1314,1286.300049,1304.099976,1302.68103,3892338
5/11/2021,1292,1326,1284,1303.5,1302.081909,4744734
5/12/2021,1311,1328.5,1278.599976,1285.800049,1284.401123,4143731
5/14/2021,1300,1302,1213.349976,1220.349976,1219.022339,6377643
5/17/2021,1230,1299,1227.449951,1289.099976,1287.69751,7782732
5/18/2021,1314.949951,1344.949951,1302,1326.699951,1325.256592,6531595
5/19/2021,1350,1351.550049,1283.900024,1294.699951,1293.29126,9925284
5/20/2021,1301.300049,1320,1283.949951,1302,1300.583496,5837747
5/21/2021,1320,1336,1300.050049,1315.099976,1313.669189,8314215
5/24/2021,1321.699951,1328.650024,1303,1306.800049,1305.378296,7913411
5/25/2021,1314.349976,1322,1272.900024,1282.75,1281.35437,3697062
5/26/2021,1288.949951,1326.849976,1254.25,1322.800049,1321.36084,5630730
5/27/2021,1329.5,1342,1304.25,1325.800049,1324.357544,36690935
5/28/2021,1311.599976,1330.449951,1298,1302.599976,1301.182861,2979585
5/31/2021,1307.050049,1321.5,1292,1316.300049,1314.86792,2709718
6/1/2021,1319.900024,1430,1309.050049,1416.25,1414.709106,10018645
6/2/2021,1425.550049,1557,1413,1546.75,1545.067139,24541949
6/3/2021,1564,1623.800049,1553,1583.099976,1581.377563,19107244
6/4/2021,1605,1713.550049,1585.800049,1700.949951,1699.099365,21102075
6/7/2021,1715,1717.199951,1613,1624.300049,1622.532837,15350263
6/8/2021,1633,1668,1602.449951,1636.449951,1634.669434,12410257
6/9/2021,1640,1649.449951,1571.849976,1594.650024,1592.915161,11614666
6/10/2021,1612,1630,1591,1612,1610.246094,5362307
6/11/2021,1615.099976,1620.099976,1575.25,1601.599976,1599.857544,5355387
6/14/2021,1441.449951,1529.949951,1201.199951,1501.449951,1499.816406,43530006
6/15/2021,1550.949951,1572.599976,1477.199951,1538.849976,1537.175781,22320542
6/16/2021,1510,1538.199951,1409.300049,1448.300049,1446.724365,12626149
6/17/2021,1380,1436,1303.5,1367.699951,1366.211914,27926070
6/18/2021,1350,1504,1332.550049,1487.5,1485.881714,30526777
6/21/2021,1490,1582,1444.849976,1540,1538.324585,21101083
6/22/2021,1554.050049,1582,1531.800049,1541.599976,1539.922729,12069983
6/23/2021,1560.099976,1569.949951,1481.300049,1504.75,1503.112915,12679703
6/24/2021,1509.949951,1519,1488.050049,1508.5,1506.858765,7261764
6/25/2021,1525,1534,1501,1519.449951,1517.796753,4962963
6/28/2021,1524.900024,1565,1518.199951,1525.75,1524.089966,6178022
6/29/2021,1526,1548.699951,1513,1523.550049,1521.892456,5551918
6/30/2021,1539,1539,1502.699951,1507.550049,1505.909912,3256147
7/1/2021,1509.550049,1522.550049,1482.900024,1490.25,1489.616821,3759914
7/2/2021,1490.25,1507.699951,1411.550049,1422.050049,1421.445801,6653653
7/5/2021,1427,1443.949951,1350.599976,1394.349976,1393.757446,12239845
7/6/2021,1400.900024,1444.150024,1378.75,1414.800049,1414.198853,9485434
7/7/2021,1420,1437.099976,1385,1425.650024,1425.044189,5549751
7/8/2021,1420,1445,1411.800049,1425.900024,1425.294189,3898830
7/9/2021,1425.900024,1456.599976,1416.449951,1431.349976,1430.741821,4502324
7/12/2021,1442,1447,1414.150024,1420.699951,1420.096313,2557189
7/13/2021,1433,1433,1385.199951,1417.699951,1417.097534,4157955
7/14/2021,1449,1449,1397.800049,1402.050049,1401.454346,3859529
7/15/2021,1399,1429,1393.400024,1407.949951,1407.351685,2728305
7/16/2021,1409,1415,1388.25,1395.5,1394.906982,2134914
7/19/2021,1390,1412.650024,1332.75,1380.599976,1380.013306,6190302
7/20/2021,1340,1382.900024,1336.099976,1365.699951,1365.119629,4529933
7/22/2021,1375,1424.900024,1340.5,1416.75,1416.147949,5009804
7/23/2021,1430,1434.849976,1386.199951,1401.650024,1401.054443,4694140
7/26/2021,1399.800049,1416.800049,1392,1403.900024,1403.303467,2054318
7/27/2021,1403.900024,1424.599976,1378.150024,1396.75,1396.156494,2978042
7/28/2021,1406.849976,1424.800049,1378.599976,1399.900024,1399.305176,3188606
7/29/2021,1413.949951,1425,1397,1400.25,1399.655029,2538248
7/30/2021,1409.5,1449.5,1400.25,1420.25,1419.646484,4403219
8/2/2021,1435,1445,1424.099976,1438.199951,1437.588867,2483790
8/3/2021,1467,1467,1422.199951,1442.800049,1442.187012,4442122
8/4/2021,1460,1460,1423.050049,1429.550049,1428.942627,3341801
8/5/2021,1428,1438,1407.400024,1432.349976,1431.741333,2104359
8/6/2021,1422,1555,1422,1536.650024,1535.99707,14250256
8/9/2021,1546.699951,1565,1482.5,1493.400024,1492.765503,6031426
8/10/2021,1488,1498.650024,1426.050049,1446.5,1445.885376,3581449
8/11/2021,1455,1456.599976,1407,1437.050049,1436.439453,3197412
8/12/2021,1443.599976,1458,1430.25,1442.900024,1442.286865,2455443
8/13/2021,1445,1454,1428,1437,1436.389404,2095991
8/16/2021,1431.5,1449.699951,1413.550049,1430.099976,1429.49231,1909352
8/17/2021,1431,1451,1416.199951,1441.650024,1441.037476,3062815
8/18/2021,1441.900024,1496.800049,1432.599976,1460,1459.379639,4738820
8/20/2021,1438,1482.650024,1411,1430.099976,1429.49231,4933377
8/23/2021,1415.050049,1427.75,1361.550049,1396.699951,1396.106445,4866080
8/24/2021,1407,1448.400024,1390,1437.800049,1437.189087,3362312
8/25/2021,1444.25,1481.800049,1425,1475.349976,1474.723022,5361140
8/26/2021,1482,1494.650024,1460.400024,1475.699951,1475.072876,4678919
8/27/2021,1475,1515,1474.099976,1506.050049,1505.410156,5164477
8/30/2021,1513.75,1527,1493.300049,1516.550049,1515.90564,3149863
8/31/2021,1517.300049,1596.849976,1512.800049,1587.599976,1586.925415,7234384
9/1/2021,1594.900024,1600.849976,1561.5,1565.199951,1564.534912,3056760
9/2/2021,1571,1594.300049,1565.5,1570.550049,1569.88269,2171898
9/3/2021,1578.5,1581.400024,1551.550049,1565.550049,1564.884766,1687999
9/6/2021,1572,1628.449951,1566.050049,1582,1581.327759,5562312
9/7/2021,1585.099976,1592.349976,1553,1558.099976,1557.437866,1651169
9/8/2021,1559.900024,1579,1538.25,1555.949951,1555.288818,2084219
9/9/2021,1561.599976,1565.5,1535.050049,1545,1544.343506,1243149
9/13/2021,1548,1557,1525.25,1532.449951,1531.798828,1759456
9/14/2021,1539.900024,1547.25,1497.050049,1513.199951,1512.557007,7143757
9/15/2021,1524,1545.599976,1496.900024,1516.800049,1516.155518,12834337
9/16/2021,1523,1535,1499.75,1503.199951,1502.561157,7616906
9/17/2021,1503.199951,1525,1465.75,1480.25,1479.620972,3329954
9/20/2021,1464.900024,1488.5,1409.949951,1418.849976,1418.24707,2273312
9/21/2021,1420,1446.949951,1381.349976,1441.449951,1440.837402,2682157
9/22/2021,1435,1462.650024,1424.349976,1437.75,1437.139038,1663858
9/23/2021,1453,1480,1441.099976,1474.349976,1473.723511,1622616
9/24/2021,1483,1516,1455,1461.699951,1461.078857,2760295
9/27/2021,1462,1544,1462,1531.25,1530.599365,4737676
9/28/2021,1557,1557.900024,1475,1487.300049,1486.668091,3547971
9/29/2021,1466.300049,1498,1464.300049,1485.650024,1485.018799,1764350
9/30/2021,1484.699951,1519,1463.349976,1468.099976,1467.476196,2072145
10/1/2021,1465,1468.75,1422.650024,1458.699951,1458.080078,2311858
10/4/2021,1471,1531,1460.099976,1526.650024,1526.001343,3209302
10/5/2021,1515,1557.849976,1512.349976,1527.650024,1527.000854,2544835
10/6/2021,1529.800049,1541,1472,1479.550049,1478.921387,1777998
10/7/2021,1502.849976,1535.75,1490,1520.75,1520.10376,1919106
10/8/2021,1522,1569.449951,1511.449951,1547.900024,1547.24231,2646112
10/11/2021,1553,1563.699951,1532.150024,1539.75,1539.095703,1910095
10/12/2021,1539,1566.900024,1514.5,1554.449951,1553.789429,1900749
10/13/2021,1568.449951,1608.300049,1551.300049,1569.699951,1569.032959,3923958
10/14/2021,1580,1656,1574.800049,1646.349976,1645.650391,5256882
10/18/2021,1672.949951,1672.949951,1608.550049,1615.5,1614.813599,3791222
10/19/2021,1625.199951,1637,1562.050049,1569.449951,1568.783081,1822638
10/20/2021,1574,1607.349976,1539.099976,1589.699951,1589.024414,2768997
10/21/2021,1601.949951,1626.849976,1581.699951,1595.050049,1594.372314,3129269
10/22/2021,1595.050049,1608.800049,1537,1543,1542.34436,2580699
10/25/2021,1545,1551.400024,1494.050049,1532.199951,1531.548828,2276050
10/26/2021,1532,1557.25,1520.900024,1543.849976,1543.19397,1661783
10/27/2021,1548,1581.150024,1540,1566.550049,1565.884399,2121282
10/28/2021,1550,1566.900024,1367.699951,1398.550049,1397.955811,7093354
10/29/2021,1400,1454.800049,1377.75,1423.599976,1422.995117,3165141
11/1/2021,1436,1457,1411.199951,1445.300049,1444.685913,1543436
11/2/2021,1455,1489,1452.800049,1472.800049,1472.174194,1667692
11/3/2021,1474,1501,1464.449951,1485.900024,1485.268677,1710819
11/4/2021,1495,1511.5,1483,1489.449951,1488.817017,272261
11/8/2021,1495,1575.150024,1485.650024,1568.25,1567.583618,2565017
11/9/2021,1555,1659,1554.949951,1635.449951,1634.755005,4713708
11/10/2021,1625.550049,1686,1620.400024,1655.849976,1655.146362,3728328
11/11/2021,1650,1704,1640.849976,1664.900024,1664.192627,4470709
11/12/2021,1678.300049,1719.5,1670.099976,1705.199951,1704.475342,5349189
11/15/2021,1713.75,1764,1691.800049,1749.550049,1748.806641,3997553
11/16/2021,1759.449951,1766.550049,1706.900024,1711.599976,1710.872681,2172117
11/17/2021,1714,1729.699951,1682.5,1706.449951,1705.724854,1476385
11/18/2021,1708,1714,1640,1688.75,1688.032471,2255988
11/22/2021,1691.400024,1701.400024,1610.050049,1675.75,1675.037964,2552170
11/23/2021,1660.150024,1720.349976,1650,1707.949951,1707.224243,2472589
11/24/2021,1721.599976,1788.900024,1712.449951,1755.150024,1754.404175,4562858
11/25/2021,1762.949951,1773.699951,1735.550049,1763.050049,1762.300903,2341862
11/26/2021,1740,1768.550049,1660.849976,1669.550049,1668.840576,3510810
11/29/2021,1655,1697,1609.849976,1665.050049,1664.342529,2119826
11/30/2021,1668,1718.650024,1648.150024,1662.849976,1662.143433,2952368
12/1/2021,1694,1705,1652.349976,1693.300049,1692.580566,2476360
12/2/2021,1692.5,1735,1687.650024,1732.25,1731.513916,2159661
12/3/2021,1734,1745,1701.099976,1708.099976,1707.374146,1544077
12/6/2021,1710,1727.949951,1640,1645.599976,1644.900757,1574680
12/7/2021,1658.900024,1686.699951,1654,1678.449951,1677.736694,1476012
12/8/2021,1679.800049,1726.400024,1679.050049,1715.5,1714.770996,1406394
12/9/2021,1725,1739.25,1706.599976,1722.25,1721.518188,1306393
12/10/2021,1710.599976,1788,1710.599976,1740.400024,1739.660522,2708578
12/13/2021,1755,1762.199951,1711.099976,1719.550049,1718.819336,1104594
12/14/2021,1712,1727.900024,1683,1720.099976,1719.369019,1198653
12/15/2021,1720,1727,1687.050049,1695.300049,1694.579712,866378
12/16/2021,1707.300049,1719.849976,1687,1702.050049,1701.326782,751885
12/17/2021,1698.949951,1702,1640,1645.300049,1644.600952,1215873
12/20/2021,1629,1629,1555.199951,1589.949951,1589.274292,1945211
12/21/2021,1621.099976,1645.900024,1602.900024,1620.5,1619.811401,1563851
12/22/2021,1631.25,1663.449951,1627,1658.099976,1657.395386,993006
12/23/2021,1674.699951,1684.199951,1658.199951,1676.199951,1675.487671,979023
12/24/2021,1680,1703.949951,1658.199951,1698.199951,1697.478394,1234386
12/27/2021,1694.75,1738,1686.050049,1730.199951,1729.464722,1672655
12/28/2021,1740,1760,1728.099976,1751,1750.255981,1552918
12/29/2021,1751,1755,1709.400024,1718.050049,1717.320068,1100579
12/30/2021,1714,1725,1685,1696.400024,1695.679199,1359574
12/31/2021,1694.949951,1725,1691.050049,1709.449951,1708.723511,1310960
1/3/2022,1713,1733,1711.199951,1717.150024,1716.42041,1094708
1/4/2022,1725.75,1728,1700,1719,1718.269531,1191189
1/5/2022,1722,1744.650024,1702.550049,1715.449951,1714.721069,1583598
1/6/2022,1710,1723.849976,1675.599976,1713.099976,1712.37207,1615375
1/7/2022,1719.900024,1730.800049,1689.5,1699.099976,1698.378052,1295933
1/10/2022,1707.550049,1766,1699.099976,1752.599976,1751.855225,1670551
1/11/2022,1758,1850,1737,1843.900024,1843.116455,5126019
1/12/2022,1873,1873,1808.300049,1830.099976,1829.322388,2518912
1/13/2022,1834,1863,1808,1853.349976,1852.5625,1881069
1/14/2022,1850,1890.449951,1831.099976,1870.25,1869.455322,2357616
1/17/2022,1876,1901.400024,1855.650024,1877.800049,1877.002075,1700525
1/18/2022,1885,1908.5,1830.050049,1840.949951,1840.167725,2294146
1/19/2022,1839.800049,1857,1811.25,1849.300049,1848.514282,1544606
1/20/2022,1855,1880.349976,1843.699951,1865.849976,1865.057129,1252017
1/21/2022,1860.849976,1873,1810.75,1828.349976,1827.57312,1929667
1/24/2022,1822,1827.449951,1696.550049,1715.800049,1715.070923,2381112
1/25/2022,1668,1750.550049,1668,1741.400024,1740.660034,1817963
1/27/2022,1718,1725.550049,1654.5,1686,1685.283569,3549583
1/28/2022,1702.5,1744.099976,1683.949951,1693.699951,1692.980225,1624750
1/31/2022,1708.949951,1734,1705,1714.949951,1714.221191,1024738
2/1/2022,1727.949951,1765.099976,1699.150024,1746.900024,1746.157715,1574361
2/2/2022,1755,1786,1747,1779.349976,1778.593872,1405276
2/3/2022,1771.949951,1787,1746.400024,1751.849976,1751.105591,588866
2/4/2022,1758,1770,1733.699951,1757.300049,1756.553345,855996
2/7/2022,1765,1765.5,1722.099976,1731.800049,1731.064209,854871
2/8/2022,1739.400024,1747,1677.050049,1716,1715.270874,1480201
2/9/2022,1724.599976,1791.900024,1718.099976,1783.150024,1782.392334,1674022
2/10/2022,1799,1809,1766,1786.099976,1785.341064,1747943
2/11/2022,1764,1774.900024,1743.349976,1764.300049,1763.550415,1196002
2/14/2022,1736.300049,1737.900024,1653,1663.949951,1663.24292,1919476
2/15/2022,1636,1751.400024,1627.849976,1744.25,1743.508789,2261554
2/16/2022,1744.25,1776,1730,1738.099976,1737.36145,1663614
2/17/2022,1750,1762,1724,1730.949951,1730.214478,1075487
2/18/2022,1739,1754.599976,1725,1736.300049,1735.562256,945100
2/21/2022,1738.800049,1738.800049,1671.300049,1685.199951,1684.483887,1449291
2/22/2022,1636.099976,1678.900024,1630,1667.699951,1666.991333,1717579
2/23/2022,1682,1717.5,1670,1688.699951,1687.982422,1285012
2/24/2022,1626,1648.599976,1528.800049,1543.949951,1543.293945,2798065
2/25/2022,1594,1638.099976,1578.800049,1618.699951,1618.012085,1741584
2/28/2022,1603.75,1651.099976,1592.25,1644.449951,1643.751221,1869037
3/2/2022,1638,1664.25,1615.5,1641.800049,1641.102417,1249817
3/3/2022,1670,1678.199951,1634.949951,1643.800049,1643.101563,1333325
3/4/2022,1621.800049,1655.5,1601.199951,1615,1614.313721,1433490
3/7/2022,1590,1592,1539.300049,1564.050049,1563.385498,1508821
3/8/2022,1574.900024,1607.400024,1553.400024,1601.599976,1600.919434,1396347
3/9/2022,1609.599976,1669.949951,1608,1656.550049,1655.846191,1498176
3/10/2022,1682,1749.599976,1678.25,1742.849976,1742.109375,2294474
3/11/2022,1750,1757,1721.199951,1734.099976,1733.363159,1354129
3/14/2022,1732,1752.449951,1722.449951,1736.099976,1735.362305,659190
3/15/2022,1740,1754.199951,1686.650024,1701.400024,1700.677002,1085901
3/16/2022,1724,1764,1718.650024,1758,1757.25293,1269866
3/17/2022,1775.599976,1823.599976,1760,1819.650024,1818.876831,2392329
3/21/2022,1836.050049,1841.900024,1796.150024,1802.949951,1802.183838,1081052
3/22/2022,1802.949951,1837,1790,1831.550049,1830.771729,964066
3/23/2022,1848.050049,1848.050049,1800.849976,1811,1810.230469,1553366
3/24/2022,1815,1839.550049,1800.150024,1832.800049,1832.02124,1030145
3/25/2022,1835.550049,1878,1822,1867,1866.206665,1366115
3/28/2022,1876.900024,1924.400024,1851.050049,1909.699951,1908.888428,1895438
3/29/2022,1919.25,1930.900024,1885.5,1917.25,1916.435303,1715098
3/30/2022,1927.699951,2015,1917.300049,1995.25,1994.402222,3215951
3/31/2022,2005,2042,1991,2014.75,2013.893921,2786973
4/1/2022,2018,2049,2013.050049,2043.650024,2042.781616,1267111
4/4/2022,2050,2075.5,2032,2065.850098,2064.972168,1334265
4/5/2022,2078,2189.800049,2067.600098,2139.850098,2138.940918,4970260
4/6/2022,2153.75,2182.850098,2124.199951,2160,2159.082275,2259018
4/7/2022,2165.949951,2214.949951,2081.25,2099.050049,2098.158203,3499044
4/8/2022,2115,2176,2105.25,2170.949951,2170.027588,1924054
4/11/2022,2181.850098,2200,2158.5,2180.199951,2179.273438,1615715
4/12/2022,2188,2219,2155,2196.949951,2196.016357,2632324
4/13/2022,2210,2217.149902,2173.449951,2199.449951,2198.515381,992512
4/18/2022,2179.800049,2240,2156.75,2233.850098,2232.900879,1747434
4/19/2022,2245,2255,2140.100098,2168.300049,2167.378662,1639219
4/20/2022,2178,2207.949951,2161.899902,2183.949951,2183.021973,1119025
4/21/2022,2216,2293.550049,2203.899902,2286.350098,2285.378662,2243636
4/22/2022,2297,2306,2265,2273.300049,2272.333984,1786042
4/25/2022,2259.949951,2295,2242.600098,2284.199951,2283.229248,1683622
4/26/2022,2297,2413.899902,2295.100098,2395.300049,2394.282227,3199358
4/27/2022,2404.949951,2420.949951,2325,2334.100098,2333.108398,2559876
4/28/2022,2359.850098,2389.899902,2336.300049,2378.550049,2377.539307,1679893
4/29/2022,2389,2394.149902,2301.5,2332,2331.009033,1916180
5/2/2022,2325,2362.300049,2311,2339.5,2338.505859,1006544
5/4/2022,2358.699951,2362.899902,2233.050049,2253.800049,2252.842285,1744686
5/5/2022,2270,2303.800049,2236,2255.399902,2254.44165,1636796
5/6/2022,2210,2262,2200,2247.699951,2246.744873,1161579
5/9/2022,2229.5,2244.199951,2180,2197.649902,2196.716064,1450886
5/10/2022,2190,2220,2097.5,2109.5,2108.603516,1471866
5/11/2022,2109.600098,2157.75,2077,2119.300049,2118.399414,1397917
5/12/2022,2103,2113.600098,2011.050049,2045.199951,2044.330933,1553685
5/13/2022,2084.5,2135,2035.300049,2054.149902,2053.2771,1547617
5/16/2022,2082.649902,2141.949951,2057.649902,2105.899902,2105.005127,1742552
5/17/2022,2133.050049,2192.25,2119.399902,2184.850098,2183.921631,1061085
5/18/2022,2199.699951,2216.899902,2172,2181.100098,2180.17334,1296983
5/19/2022,2145,2154.75,2097.600098,2114.75,2113.851318,986930
5/20/2022,2159,2232.399902,2151,2219.550049,2218.606934,1444803
5/23/2022,2231.75,2245,2155.649902,2170.649902,2169.727539,1455450
5/24/2022,2161,2178.899902,2142.550049,2160.199951,2159.281982,1008943
5/25/2022,2168,2181.449951,2066.199951,2074.149902,2073.268555,1382448
5/26/2022,2077,2088,1906.199951,2046.400024,2045.530518,4967514
5/27/2022,2080,2094.300049,2047.699951,2080.149902,2079.266113,1354005
5/30/2022,2120,2175,2102,2165.649902,2164.729736,1384584
5/31/2022,2160,2225.800049,2150.399902,2167.550049,2166.628906,2861556
6/1/2022,2169.949951,2189.300049,2126,2150.899902,2149.98584,1448212
6/2/2022,2155,2218,2142.300049,2209.399902,2208.461182,1855167
6/3/2022,2235,2242.25,2176.050049,2190,2189.069336,1651685
6/6/2022,2188.5,2230,2168.199951,2225.050049,2224.104492,1664487
6/7/2022,2210,2254.699951,2207.050049,2227.550049,2226.603516,2046676
6/8/2022,2244.949951,2244.949951,2158.550049,2177.199951,2176.274902,1530739
6/9/2022,2160.300049,2224,2155,2219.199951,2218.25708,1440385
6/10/2022,2190,2215,2171,2203.100098,2202.164063,1305761
6/13/2022,2172.5,2172.5,2066.75,2079.75,2078.866211,1764172
6/14/2022,2274,2274,2053.100098,2196.449951,2195.516602,6515102
6/15/2022,2218.399902,2219.699951,2174.199951,2184.600098,2183.671875,1313510
6/16/2022,2205,2217.300049,2076.050049,2083,2082.11499,2131789
6/17/2022,2062,2137.399902,2060.149902,2095.800049,2094.909424,2280135
6/20/2022,2107.300049,2123.300049,2025,2079.850098,2078.966309,2603594
6/21/2022,2100,2177,2091.649902,2161.800049,2160.881348,1331500
6/22/2022,2149.949951,2149.949951,2077.100098,2089.199951,2088.312256,1774137
6/23/2022,2105,2128,2080,2110.350098,2109.453369,1026783
6/24/2022,2121,2168,2108.600098,2161.449951,2160.531494,1156536
6/27/2022,2189,2211,2169.350098,2181.600098,2180.673096,1202504
6/28/2022,2170,2210.25,2160,2204.600098,2203.66333,1282047
6/29/2022,2185,2247.800049,2177.199951,2220.100098,2219.156738,1692493
6/30/2022,2220,2248.5,2180.5,2190.899902,2189.968994,1568415
7/1/2022,2189.899902,2242,2138.25,2232.199951,2231.251465,2141743
7/4/2022,2232.199951,2277,2228.350098,2261.850098,2260.888916,1581159
7/5/2022,2264,2290.699951,2238,2246.449951,2245.495361,1356776
7/6/2022,2245,2277,2236.5,2272.850098,2271.884277,1045463
7/7/2022,2280,2294.949951,2256,2274.300049,2273.33374,946131
7/8/2022,2286,2303.600098,2263.899902,2293.050049,2292.075684,898576
7/11/2022,2293.050049,2384.600098,2291.050049,2373.25,2372.241455,1967308
7/12/2022,2364.399902,2389.800049,2350.149902,2365.649902,2364.644775,1273008
7/13/2022,2373.5,2384.649902,2333.699951,2353.5,2352.5,982185
7/14/2022,2365,2404,2336.5,2383.100098,2383.100098,933554
7/15/2022,2414.5,2422.949951,2377,2405.25,2405.25,1169788
7/18/2022,2424,2441.850098,2406.050049,2423.600098,2423.600098,937204
7/19/2022,2406.949951,2459.300049,2405,2451.300049,2451.300049,843301
7/20/2022,2462,2472.800049,2444,2451.100098,2451.100098,693601
7/21/2022,2453.800049,2498.949951,2451.25,2495.5,2495.5,1314165
7/22/2022,2505.5,2514.050049,2483.100098,2499.399902,2499.399902,833522
7/25/2022,2505,2562.149902,2500,2550.600098,2550.600098,1220351
7/26/2022,2555,2568.600098,2533,2559.699951,2559.699951,865142
7/27/2022,2560,2572.5,2528,2548.699951,2548.699951,953588
7/28/2022,2559.899902,2565.649902,2531.600098,2550.399902,2550.399902,759442
7/29/2022,2565,2622,2560,2569.199951,2569.199951,1107195
8/1/2022,2575.850098,2669.399902,2569.199951,2660.149902,2660.149902,1267039
8/2/2022,2660,2697,2640,2683.649902,2683.649902,1096480
8/3/2022,2685,2717,2671.199951,2711.399902,2711.399902,815831
8/4/2022,2725,2743.899902,2684.25,2723.600098,2723.600098,1223799
8/5/2022,2760,2767.649902,2685,2698.399902,2698.399902,1639981
8/8/2022,2700,2807.649902,2695.649902,2791.899902,2791.899902,1581696
8/10/2022,2801.75,2834.899902,2781.550049,2827.199951,2827.199951,1304663
8/11/2022,2841,2848.399902,2815.100098,2834.050049,2834.050049,978616
8/12/2022,2840,2871.149902,2834.050049,2864.550049,2864.550049,843025
8/16/2022,2879,2986,2871,2975.850098,2975.850098,1969492
8/17/2022,2986,3028.550049,2980,3008.649902,3008.649902,1510171
8/18/2022,3005,3186,3004,3153.649902,3153.649902,3502295
8/19/2022,3178,3258.899902,3075.25,3130.199951,3130.199951,6109949
8/22/2022,3134,3191.800049,3029.199951,3051.600098,3051.600098,3473580
8/23/2022,3032.649902,3074,2927.399902,3030.649902,3030.649902,4169136
8/24/2022,3038,3153,2986,3134.649902,3134.649902,3475387
8/25/2022,3167,3177.800049,3055.699951,3066.350098,3066.350098,3119494
8/26/2022,3080,3172.949951,3078,3139.550049,3139.550049,2897602
8/29/2022,3055,3166.449951,3037.850098,3142.600098,3142.600098,1924984
8/30/2022,3165,3263.100098,3161,3194.350098,3194.350098,4392183
9/1/2022,3200,3245,3184.399902,3233.25,3233.25,1880363
9/2/2022,3261,3369.399902,3225,3355.800049,3355.800049,4835905
9/5/2022,3374.100098,3431.800049,3313,3346.550049,3346.550049,3686950
9/6/2022,3370,3447.600098,3355,3435.800049,3435.800049,2580772
9/7/2022,3435.800049,3487.949951,3406.100098,3473.75,3473.75,2188110
9/8/2022,3499,3501.5,3450,3462.800049,3462.800049,1560414
9/9/2022,3479,3507.949951,3415.149902,3451.199951,3451.199951,1614634
9/12/2022,3465,3495.5,3457.899902,3463.800049,3463.800049,1647756
9/13/2022,3478,3568.899902,3421.300049,3555.800049,3555.800049,3479669
9/14/2022,3518,3608,3511,3572.100098,3572.100098,2740337
9/15/2022,3590,3767.949951,3575,3748.699951,3748.699951,4716688
9/16/2022,3755,3866.949951,3614.600098,3702.199951,3702.199951,5687429
9/19/2022,3718.949951,3801.949951,3680.75,3778.649902,3778.649902,3092486
9/20/2022,3819,3885,3812,3834.550049,3834.550049,3338704
9/21/2022,3837.649902,3862.800049,3571.25,3640.100098,3640.100098,6089846
9/22/2022,3639,3735.949951,3608.050049,3716.300049,3716.300049,3490772
9/23/2022,3732,3737.899902,3655,3674.300049,3674.300049,3001474
9/26/2022,3646.300049,3658,3532,3586.199951,3586.199951,3123908
9/27/2022,3596,3629.550049,3485.850098,3559.100098,3559.100098,3546332
9/28/2022,3528,3596.949951,3503,3548.75,3548.75,2259832
9/29/2022,3583.5,3664.75,3443.600098,3470.699951,3470.699951,15060223
9/30/2022,3447.949951,3523.800049,3371.100098,3455.75,3455.75,4307707
10/3/2022,3440,3460.050049,3110.199951,3157.300049,3157.300049,7578847
10/4/2022,3230,3291.199951,3125,3237.699951,3237.699951,5642467
10/6/2022,3270,3318.800049,3208.050049,3285,3285,2845165
10/7/2022,3280,3310.949951,3228.149902,3277.600098,3277.600098,1930275
10/10/2022,3234,3278.75,3214.350098,3246.25,3246.25,1590792
10/11/2022,3257.550049,3338,3249,3273.949951,3273.949951,2544394
10/12/2022,3297,3297,3145,3223.649902,3223.649902,2972601
10/13/2022,3218,3262.800049,3189,3233.649902,3233.649902,1840193
10/14/2022,3272,3305,3194.850098,3209.5,3209.5,1344415
10/17/2022,3211,3235,3136.100098,3212.600098,3212.600098,1985298
10/18/2022,3249,3298,3226.100098,3284.300049,3284.300049,1635079
10/19/2022,3300,3310,3259.649902,3277.25,3277.25,1396513
10/20/2022,3260,3365,3245,3357.100098,3357.100098,2211287
10/21/2022,3374.899902,3382,3287,3311.899902,3311.899902,1120790
10/24/2022,3325,3340.100098,3287.399902,3309.800049,3309.800049,248249
10/25/2022,3321.949951,3345,3294,3300.5,3300.5,879424
10/27/2022,3319.850098,3355,3297,3325,3325,1106870
10/28/2022,3322,3387.949951,3297.649902,3323.300049,3323.300049,1323334
10/31/2022,3339.949951,3360,3326.100098,3347.449951,3347.449951,575722
11/1/2022,3361.899902,3607.449951,3352,3575.699951,3575.699951,4393335
11/2/2022,3580,3625.149902,3526,3580.699951,3580.699951,2534755
11/3/2022,3550,3614.699951,3542.449951,3590.399902,3590.399902,1275216
11/4/2022,3642,3849.800049,3566.75,3833.25,3833.25,6112097
11/7/2022,3852.449951,4013.699951,3820,3960.600098,3960.600098,5985652
11/9/2022,3977,4048,3943.050049,3997.199951,3997.199951,3732472
11/10/2022,3995,4030,3962.149902,3992.25,3992.25,2313795
11/11/2022,4040,4048.949951,3975.149902,4008.850098,4008.850098,1476875
11/14/2022,3999,4078,3990,4022.550049,4022.550049,1803092
11/15/2022,4025.050049,4065,4022,4057.800049,4057.800049,1065546
11/16/2022,4057.300049,4096,3863.550049,3956.600098,3956.600098,3059841
11/17/2022,3970,4033,3900,4018.149902,4018.149902,2266112
11/18/2022,4028.350098,4043,3984,4019.800049,4019.800049,1440776
11/21/2022,4019.949951,4019.949951,3921.949951,4001.850098,4001.850098,1492003
11/22/2022,4001.850098,4056,3988,4034,4034,1705043
11/23/2022,4050,4061.850098,3873,3903.300049,3903.300049,2861156
11/24/2022,3910,3935,3821,3921.100098,3921.100098,2797181
11/25/2022,3929,3949.899902,3845.300049,3901.100098,3901.100098,2506346
11/28/2022,3899.399902,3925,3871.399902,3886.149902,3886.149902,1119166
11/29/2022,3885,3915,3864.050049,3878.399902,3878.399902,1513444
11/30/2022,3897.800049,3939.899902,3867,3917.899902,3917.899902,1968428
12/1/2022,3937.5,3944.949951,3902.449951,3915.100098,3915.100098,945838
12/2/2022,3905,3963.800049,3885,3922.5,3922.5,1297832
12/5/2022,3928.899902,3939,3810.050049,3930.399902,3930.399902,2392866
12/6/2022,3920,4057,3909,4031.800049,4031.800049,2962621
12/7/2022,4031,4057.899902,3984.550049,3999.300049,3999.300049,1257261
12/8/2022,4010,4045,4003.350098,4025,4025,895075
12/9/2022,4044,4094,3941.5,3996.800049,3996.800049,2129800
12/12/2022,3997,4031.899902,3968.75,4016.699951,4016.699951,802499
12/13/2022,4027.800049,4072,4011.600098,4060.199951,4060.199951,1215308
12/14/2022,4076,4092.050049,4040,4055.800049,4055.800049,1114492
12/15/2022,4055.800049,4073.050049,4025,4043.75,4043.75,866138
12/16/2022,4018.899902,4047.899902,3944.050049,3980.800049,3980.800049,1598960
12/19/2022,3988,4104,3971.449951,4075.300049,4075.300049,1643404
12/20/2022,4095,4172,4066.399902,4165.299805,4165.299805,3778426
12/21/2022,4175,4190,3883.25,3901.949951,3901.949951,3585883
12/22/2022,3948,3948,3817.050049,3868.550049,3868.550049,2879658
12/23/2022,3822,3848,3616.800049,3642.199951,3642.199951,3036157
12/26/2022,3653,3744.899902,3620,3716.75,3716.75,2162662
12/27/2022,3732.449951,3797.899902,3695.050049,3769.649902,3769.649902,1804911
12/28/2022,3756.050049,3825,3745,3797.699951,3797.699951,1377950
12/29/2022,3790,3825,3748.100098,3810.600098,3810.600098,1531692
12/30/2022,3829.699951,3898,3822.050049,3858.350098,3858.350098,1528747
1/2/2023,3870,3874,3822.550049,3841.199951,3841.199951,923051
1/3/2023,3841.899902,3852.850098,3791,3830.949951,3830.949951,799905
1/4/2023,3839,3874.949951,3803.600098,3827.050049,3827.050049,1028377
1/5/2023,3827.050049,3842.399902,3756.899902,3829.800049,3829.800049,997006
1/6/2023,3829,3868.25,3797.050049,3824.25,3824.25,912159
1/9/2023,3843,3880,3811.25,3855.300049,3855.300049,753981
1/10/2023,3859,3862.050049,3555,3646.899902,3646.899902,3595798
1/11/2023,3660,3664.5,3560.100098,3635.800049,3635.800049,2226506
1/12/2023,3642.5,3679,3612,3647.199951,3647.199951,1199785
1/13/2023,3651.199951,3736.050049,3642.199951,3721.149902,3721.149902,1364712
1/16/2023,3720,3739.949951,3600,3619.800049,3619.800049,1863848
1/17/2023,3620,3649.600098,3560.199951,3639.350098,3639.350098,1668381
1/18/2023,3648,3648,3527.100098,3596.699951,3596.699951,3652240
1/19/2023,3470,3537.699951,3426.699951,3463.550049,3463.550049,3696319
1/20/2023,3450,3477.350098,3440.949951,3456.149902,3456.149902,1510258
1/23/2023,3443.050049,3460,3412.550049,3436.350098,3436.350098,974857
1/24/2023,3447.449951,3508,3430,3442,3442,1518123
1/25/2023,3422,3428,3315,3388.949951,3388.949951,3686439
1/27/2023,3335,3346.5,2712,2761.449951,2761.449951,14764368
